{"Alabama": 29.892500000000002, "Alaska": 21.8015625, "Arizona": 25.14090909090909, "Arkansas": 30.60169491525424, "California": 21.071014492753626, "Colorado": 19.366666666666667, "Connecticut": 24.643243243243244, "Delaware": 28.183076923076925, "District of Columbia": 21.598214285714285, "Florida": 25.997260273972604, "Georgia": 27.154999999999998, "Guam": 28.134883720930233, "Hawaii": 21.836923076923078, "Idaho": 22.98095238095238, "Illinois": 24.532857142857143, "Indiana": 28.235714285714288, "Iowa": 26.221052631578946, "Kansas": 25.945, "Kentucky": 31.028169014084508, "Louisiana": 29.544594594594596, "Maine": 23.935714285714287, "Maryland": 25.071641791044776, "Massachusetts": 24.813513513513513, "Michigan": 25.141772151898735, "Minnesota": 22.73787878787879, "Mississippi": 30.12957746478873, "Missouri": 29.029850746268657, "Montana": 22.332876712328765, "National": 26.266250000000003, "Nebraska": 24.844303797468356, "Nevada": 25.481034482758623, "New Hampshire": 22.409333333333333, "New Jersey": 29.381428571428568, "New Mexico": 24.12272727272727, "New York": 26.799999999999997, "North Carolina": 25.24920634920635, "North Dakota": 27.801612903225806, "Ohio": 28.78611111111111, "Oklahoma": 28.720833333333335, "Oregon": 20.956164383561642, "Pennsylvania": 25.143283582089555, "Puerto Rico": 40.6275, "Rhode Island": 26.24310344827586, "South Carolina": 27.19078947368421, "South Dakota": 23.455844155844154, "Tennessee": 28.412280701754387, "Texas": 27.891803278688528, "Utah": 21.2859375, "Vermont": 21.813235294117646, "Virgin Islands": 26.255000000000003, "Virginia": 24.392063492063492, "Washington": 21.251388888888886, "West Virginia": 28.400000000000002, "Wisconsin": 22.91351351351351, "Wyoming": 25.096721311475413}