{"Guam": 26.757142857142856, "Louisiana": 24.50625, "New Mexico": 24.535714285714285, "Puerto Rico": 39.89, "Virgin Islands": 27.264285714285712}