{"Alabama": 4.298612328366929, "Alaska": -2.0718509920963974, "Arizona": -3.4058850261304237, "Arkansas": 4.593117822872422, "California": -3.850792433537837, "Colorado": -6.034125766871167, "Connecticut": -0.13329243353783582, "Delaware": -1.3495243175958045, "District of Columbia": -4.214574484819888, "Florida": -0.8286077488531518, "Georgia": -1.3509268421399874, "Guam": -7.373292433537831, "Hawaii": -2.3843069262914547, "Idaho": -1.083407376066571, "Illinois": -1.9549591002045013, "Indiana": 0.1685257482803486, "Iowa": 2.040629135089617, "Kansas": 1.979415899795498, "Kentucky": 1.9385594183140178, "Louisiana": 3.5139802937348925, "Maine": 0.10892978868438519, "Maryland": -0.20117122141662236, "Massachusetts": 0.5793001590547568, "Michigan": -1.5479591002045048, "Minnesota": -2.5561495763949758, "Mississippi": 3.441469471224071, "Missouri": 2.8100408997954993, "Montana": -0.5412494227851461, "National": 0.9015223812769797, "Nebraska": -0.050329470574872914, "Nevada": -1.3728162430616386, "New Hampshire": -1.1359591002044986, "New Jersey": 1.8512908997954973, "New Mexico": -4.007959100204506, "New York": -1.932340052585456, "North Carolina": -0.025120390527082037, "North Dakota": 0.907919687674287, "Ohio": -0.9549591002045013, "Oklahoma": 4.989271669026266, "Oregon": -0.3249591002044987, "Pennsylvania": -0.3453437155891166, "Puerto Rico": 16.14146947122407, "Rhode Island": 0.03485571461031611, "South Carolina": -0.19195910020449958, "South Dakota": -0.15424481449021243, "Tennessee": 2.992040899795498, "Texas": 1.1117075664621652, "Utah": -4.108530528775933, "Vermont": 0.23670756646216873, "Virgin Islands": 0.020040899795500167, "Virginia": -0.8190895349871106, "Washington": -2.345476341583815, "West Virginia": 6.878661589450672, "Wisconsin": -0.7184206386660392, "Wyoming": -0.39931393891417954}